{"cameraMode":{"drawMode":0,"name":"Shaded","section":"Shading Mode"},"sceneLighting":false,"audioPlay":false,"sceneViewState":{"m_AlwaysRefresh":false,"showFog":true,"showSkybox":false,"showFlares":true,"showImageEffects":true,"showParticleSystems":true,"showVisualEffectGraphs":true,"m_FxEnabled":false},"in2DMode":false,"pivot":{"x":-0.2747923731803894,"y":1.3371992111206055,"z":0.11734899878501892},"rotation":{"x":0.059739429503679278,"y":-0.9379311800003052,"z":0.2735898494720459,"w":0.2049427032470703},"size":2.3698134422302248,"orthographic":false}