{"cameraMode":{"drawMode":0,"name":"Shaded","section":"Shading Mode"},"sceneLighting":false,"audioPlay":false,"sceneViewState":{"m_AlwaysRefresh":false,"showFog":true,"showSkybox":false,"showFlares":true,"showImageEffects":true,"showParticleSystems":true,"showVisualEffectGraphs":true,"m_FxEnabled":false},"in2DMode":false,"pivot":{"x":0.4740647077560425,"y":1.0134203433990479,"z":-0.44915997982025149},"rotation":{"x":-0.03672736510634422,"y":-0.8588736057281494,"z":0.06222144141793251,"w":-0.5071493983268738},"size":2.0499355792999269,"orthographic":false}