{"cameraMode":{"drawMode":0,"name":"Shaded","section":"Shading Mode"},"sceneLighting":false,"audioPlay":false,"sceneViewState":{"m_AlwaysRefresh":false,"showFog":true,"showSkybox":false,"showFlares":true,"showImageEffects":true,"showParticleSystems":true,"showVisualEffectGraphs":true,"m_FxEnabled":true},"in2DMode":false,"pivot":{"x":0.6163287162780762,"y":2.7224764823913576,"z":5.367817401885986},"rotation":{"x":0.043750666081905368,"y":-0.6867580413818359,"z":0.041459664702415469,"w":0.724446177482605},"size":4.851283550262451,"orthographic":false}