{"cameraMode":{"drawMode":0,"name":"Shaded","section":"Shading Mode"},"sceneLighting":false,"audioPlay":false,"sceneViewState":{"m_AlwaysRefresh":false,"showFog":true,"showSkybox":false,"showFlares":true,"showImageEffects":true,"showParticleSystems":true,"showVisualEffectGraphs":true,"m_FxEnabled":true},"in2DMode":false,"pivot":{"x":0.31135988235473635,"y":2.277296781539917,"z":0.23696506023406983},"rotation":{"x":-0.06119270995259285,"y":-0.9024479985237122,"z":0.13667207956314088,"w":-0.4039705693721771},"size":3.377917528152466,"orthographic":false}