{"cameraMode":{"drawMode":0,"name":"Shaded","section":"Shading Mode"},"sceneLighting":false,"audioPlay":false,"sceneViewState":{"m_AlwaysRefresh":false,"showFog":true,"showSkybox":false,"showFlares":true,"showImageEffects":true,"showParticleSystems":true,"showVisualEffectGraphs":true,"m_FxEnabled":false},"in2DMode":false,"pivot":{"x":0.3072448968887329,"y":0.39879894256591799,"z":0.06183266639709473},"rotation":{"x":-0.32006579637527468,"y":-0.012239613570272923,"z":0.004081834107637405,"w":-0.9473512172698975},"size":5.184162139892578,"orthographic":false}