{"cameraMode":{"drawMode":0,"name":"Shaded","section":"Shading Mode"},"sceneLighting":true,"audioPlay":false,"sceneViewState":{"m_AlwaysRefresh":false,"showFog":true,"showSkybox":true,"showFlares":true,"showImageEffects":true,"showParticleSystems":true,"showVisualEffectGraphs":true,"m_FxEnabled":true},"in2DMode":false,"pivot":{"x":2.9205703735351564,"y":-0.8995563983917236,"z":3.3820180892944338},"rotation":{"x":-0.32892075181007388,"y":-0.28752657771110537,"z":0.10586858540773392,"w":-0.8932808041572571},"size":9.218321800231934,"orthographic":false}