{"cameraMode":{"drawMode":0,"name":"Shaded","section":"Shading Mode"},"sceneLighting":true,"audioPlay":false,"sceneViewState":{"m_AlwaysRefresh":false,"showFog":true,"showSkybox":true,"showFlares":true,"showImageEffects":true,"showParticleSystems":true,"showVisualEffectGraphs":true,"m_FxEnabled":true},"in2DMode":false,"pivot":{"x":7.292912483215332,"y":-3.1697402000427248,"z":11.689983367919922},"rotation":{"x":-0.3158089220523834,"y":-0.38833945989608767,"z":0.14365269243717194,"w":-0.8537193536758423},"size":20.497901916503908,"orthographic":false}