{"cameraMode":{"drawMode":0,"name":"Shaded","section":"Shading Mode"},"sceneLighting":false,"audioPlay":false,"sceneViewState":{"m_AlwaysRefresh":false,"showFog":true,"showSkybox":false,"showFlares":true,"showImageEffects":true,"showParticleSystems":true,"showVisualEffectGraphs":true,"m_FxEnabled":false},"in2DMode":false,"pivot":{"x":0.01457136869430542,"y":2.1237077713012697,"z":1.1692485809326172},"rotation":{"x":-0.08340465277433396,"y":-0.9114545583724976,"z":0.22913718223571778,"w":-0.33154329657554629},"size":3.4260382652282717,"orthographic":false}