{"cameraMode":{"drawMode":0,"name":"Shaded","section":"Shading Mode"},"sceneLighting":true,"audioPlay":false,"sceneViewState":{"m_AlwaysRefresh":false,"showFog":true,"showSkybox":false,"showFlares":true,"showImageEffects":true,"showParticleSystems":true,"showVisualEffectGraphs":true,"m_FxEnabled":false},"in2DMode":false,"pivot":{"x":-0.7991846799850464,"y":0.7401952743530273,"z":0.4558243155479431},"rotation":{"x":-0.012461158446967602,"y":-0.9704821705818176,"z":0.23624302446842194,"w":-0.04880305007100105},"size":3.365745782852173,"orthographic":false}