{"cameraMode":{"drawMode":0,"name":"Shaded","section":"Shading Mode"},"sceneLighting":false,"audioPlay":false,"sceneViewState":{"m_AlwaysRefresh":false,"showFog":true,"showSkybox":false,"showFlares":true,"showImageEffects":true,"showParticleSystems":true,"showVisualEffectGraphs":true,"m_FxEnabled":true},"in2DMode":false,"pivot":{"x":-0.02158534526824951,"y":1.5281683206558228,"z":0.03229951858520508},"rotation":{"x":-0.13342882692813874,"y":-0.6926319003105164,"z":0.13270460069179536,"w":-0.6963457465171814},"size":5.433778285980225,"orthographic":false}